"","Annual.Mean.Temperature","Mean.Diurnal.Range","Isothermality","Temperature.Seasonality","Max.Temperature.of.Warmest.Month","Min.Temperature.of.Coldest.Month","Temperature.Annual.Range","Mean.Temperature.of.Wettest.Quarter","Mean.Temperature.of.Driest.Quarter","Mean.Temperature.of.Warmest.Quarter","Mean.Temperature.of.Coldest.Quarter","Annual.Precipitation","Precipitation.of.Wettest.Month","Precipitation.of.Driest.Month","Precipitation.Seasonality","Precipitation.of.Wettest.Quarter","Precipitation.of.Driest.Quarter","Precipitation.of.Warmest.Quarter","Precipitation.of.Coldest.Quarter"
"Mean",5.4556032545326,5.28237016173568,5.05296960976287,5.56291469992098,5.32472722506104,5.17462460715927,5.24258726229293,5.56534946704333,5.26155015771844,5.14045203263866,5.28435893254089,5.27020708585407,4.93634847445595,4.95282404430724,5.04518934592391,5.41160364043425,5.24440873091992,5.53581892663838,5.2560923410596
"SD",0.366689739373509,0.295557362616292,0.417642519295797,0.701970033529188,0.575037092881819,0.24256869802511,0.291591018639633,0.294394460164533,0.364246895254958,0.498356091429573,0.358431235890274,0.527919745652675,0.209088784013493,0.368226754214614,0.428262068655597,0.521331979872318,0.375911011896489,0.358305816970397,0.163899313747567
