"","threshold","AUC","omission.rate","sensitivity","specificity","prop.correct","Kappa"
"1",0.735,0.986269979599517,0.0136734074088745,0.986326592591125,0.986213366607908,0.986269980253847,0.972539959199033
